X_index,Y_index,X_um,Y_um
90,43,18.0,8.6
91,43,18.2,8.6
91,44,18.2,8.8
90,44,18.0,8.8
90,45,18.0,9.0
91,45,18.2,9.0
92,45,18.4,9.0
92,46,18.4,9.2
91,46,18.2,9.2
90,46,18.0,9.2
90,47,18.0,9.4
91,47,18.2,9.4
92,47,18.4,9.4
93,47,18.6,9.4
93,48,18.6,9.6
92,48,18.4,9.6
91,48,18.2,9.6
90,48,18.0,9.6
90,49,18.0,9.8
91,49,18.2,9.8
92,49,18.4,9.8
93,49,18.6,9.8
94,49,18.8,9.8
94,50,18.8,10.0
93,50,18.6,10.0
92,50,18.4,10.0
91,50,18.2,10.0
90,50,18.0,10.0
90,51,18.0,10.2
91,51,18.2,10.2
92,51,18.4,10.2
93,51,18.6,10.2
94,51,18.8,10.2
95,51,19.0,10.2
95,50,19.0,10.0
95,52,19.0,10.4
94,52,18.8,10.4
93,52,18.6,10.4
92,52,18.4,10.4
91,52,18.2,10.4
90,52,18.0,10.4
90,53,18.0,10.6
91,53,18.2,10.6
92,53,18.4,10.6
93,53,18.6,10.6
94,53,18.8,10.6
95,53,19.0,10.6
96,53,19.2,10.6
96,52,19.2,10.4
96,54,19.2,10.8
95,54,19.0,10.8
94,54,18.8,10.8
93,54,18.6,10.8
92,54,18.4,10.8
91,54,18.2,10.8
90,54,18.0,10.8
90,55,18.0,11.0
91,55,18.2,11.0
92,55,18.4,11.0
93,55,18.6,11.0
94,55,18.8,11.0
95,55,19.0,11.0
96,55,19.2,11.0
97,55,19.4,11.0
97,54,19.4,10.8
97,56,19.4,11.2
96,56,19.2,11.2
95,56,19.0,11.2
94,56,18.8,11.2
93,56,18.6,11.2
92,56,18.4,11.2
91,56,18.2,11.2
90,56,18.0,11.2
90,57,18.0,11.4
91,57,18.2,11.4
92,57,18.4,11.4
93,57,18.6,11.4
94,57,18.8,11.4
95,57,19.0,11.4
96,57,19.2,11.4
97,57,19.4,11.4
98,57,19.6,11.4
98,56,19.6,11.2
99,57,19.8,11.4
99,58,19.8,11.6
98,58,19.6,11.6
97,58,19.4,11.6
96,58,19.2,11.6
95,58,19.0,11.6
94,58,18.8,11.6
93,58,18.6,11.6
92,58,18.4,11.6
91,58,18.2,11.6
90,58,18.0,11.6
90,59,18.0,11.8
91,59,18.2,11.8
92,59,18.4,11.8
93,59,18.6,11.8
94,59,18.8,11.8
95,59,19.0,11.8
96,59,19.2,11.8
97,59,19.4,11.8
98,59,19.6,11.8
99,59,19.8,11.8
100,59,20.0,11.8
100,60,20.0,12.0
99,60,19.8,12.0
98,60,19.6,12.0
97,60,19.4,12.0
96,60,19.2,12.0
95,60,19.0,12.0
94,60,18.8,12.0
93,60,18.6,12.0
92,60,18.4,12.0
91,60,18.2,12.0
90,60,18.0,12.0
90,61,18.0,12.2
91,61,18.2,12.2
92,61,18.4,12.2
93,61,18.6,12.2
94,61,18.8,12.2
95,61,19.0,12.2
96,61,19.2,12.2
97,61,19.4,12.2
98,61,19.6,12.2
99,61,19.8,12.2
100,61,20.0,12.2
101,61,20.2,12.2
101,62,20.2,12.4
100,62,20.0,12.4
99,62,19.8,12.4
98,62,19.6,12.4
97,62,19.4,12.4
96,62,19.2,12.4
95,62,19.0,12.4
94,62,18.8,12.4
93,62,18.6,12.4
92,62,18.4,12.4
91,62,18.2,12.4
90,62,18.0,12.4
90,63,18.0,12.6
91,63,18.2,12.6
92,63,18.4,12.6
93,63,18.6,12.6
94,63,18.8,12.6
95,63,19.0,12.6
96,63,19.2,12.6
97,63,19.4,12.6
98,63,19.6,12.6
99,63,19.8,12.6
100,63,20.0,12.6
101,63,20.2,12.6
102,63,20.4,12.6
102,64,20.4,12.8
101,64,20.2,12.8
100,64,20.0,12.8
99,64,19.8,12.8
98,64,19.6,12.8
97,64,19.4,12.8
96,64,19.2,12.8
95,64,19.0,12.8
94,64,18.8,12.8
93,64,18.6,12.8
92,64,18.4,12.8
91,64,18.2,12.8
90,64,18.0,12.8
90,65,18.0,13.0
91,65,18.2,13.0
92,65,18.4,13.0
93,65,18.6,13.0
94,65,18.8,13.0
95,65,19.0,13.0
96,65,19.2,13.0
97,65,19.4,13.0
98,65,19.6,13.0
99,65,19.8,13.0
100,65,20.0,13.0
101,65,20.2,13.0
102,65,20.4,13.0
103,65,20.6,13.0
103,64,20.6,12.8
103,66,20.6,13.2
102,66,20.4,13.2
101,66,20.2,13.2
100,66,20.0,13.2
99,66,19.8,13.2
98,66,19.6,13.2
97,66,19.4,13.2
96,66,19.2,13.2
95,66,19.0,13.2
94,66,18.8,13.2
93,66,18.6,13.2
92,66,18.4,13.2
91,66,18.2,13.2
90,66,18.0,13.2
90,67,18.0,13.4
91,67,18.2,13.4
92,67,18.4,13.4
93,67,18.6,13.4
94,67,18.8,13.4
95,67,19.0,13.4
96,67,19.2,13.4
97,67,19.4,13.4
98,67,19.6,13.4
99,67,19.8,13.4
100,67,20.0,13.4
101,67,20.2,13.4
102,67,20.4,13.4
103,67,20.6,13.4
104,67,20.8,13.4
104,66,20.8,13.2
104,68,20.8,13.6
103,68,20.6,13.6
102,68,20.4,13.6
101,68,20.2,13.6
100,68,20.0,13.6
99,68,19.8,13.6
98,68,19.6,13.6
97,68,19.4,13.6
96,68,19.2,13.6
95,68,19.0,13.6
94,68,18.8,13.6
93,68,18.6,13.6
92,68,18.4,13.6
91,68,18.2,13.6
90,68,18.0,13.6
90,69,18.0,13.8
91,69,18.2,13.8
92,69,18.4,13.8
93,69,18.6,13.8
94,69,18.8,13.8
95,69,19.0,13.8
96,69,19.2,13.8
97,69,19.4,13.8
98,69,19.6,13.8
99,69,19.8,13.8
100,69,20.0,13.8
101,69,20.2,13.8
102,69,20.4,13.8
103,69,20.6,13.8
104,69,20.8,13.8
105,69,21.0,13.8
105,68,21.0,13.6
105,70,21.0,14.0
104,70,20.8,14.0
103,70,20.6,14.0
102,70,20.4,14.0
101,70,20.2,14.0
100,70,20.0,14.0
99,70,19.8,14.0
98,70,19.6,14.0
97,70,19.4,14.0
96,70,19.2,14.0
95,70,19.0,14.0
94,70,18.8,14.0
93,70,18.6,14.0
92,70,18.4,14.0
91,70,18.2,14.0
91,71,18.2,14.2
92,71,18.4,14.2
93,71,18.6,14.2
94,71,18.8,14.2
95,71,19.0,14.2
96,71,19.2,14.2
97,71,19.4,14.2
98,71,19.6,14.2
99,71,19.8,14.2
100,71,20.0,14.2
101,71,20.2,14.2
102,71,20.4,14.2
103,71,20.6,14.2
104,71,20.8,14.2
105,71,21.0,14.2
106,71,21.2,14.2
106,70,21.2,14.0
107,71,21.4,14.2
107,72,21.4,14.4
106,72,21.2,14.4
105,72,21.0,14.4
104,72,20.8,14.4
103,72,20.6,14.4
102,72,20.4,14.4
101,72,20.2,14.4
100,72,20.0,14.4
99,72,19.8,14.4
98,72,19.6,14.4
97,72,19.4,14.4
96,72,19.2,14.4
95,72,19.0,14.4
94,72,18.8,14.4
93,72,18.6,14.4
92,72,18.4,14.4
91,72,18.2,14.4
91,73,18.2,14.6
92,73,18.4,14.6
93,73,18.6,14.6
94,73,18.8,14.6
95,73,19.0,14.6
96,73,19.2,14.6
97,73,19.4,14.6
98,73,19.6,14.6
99,73,19.8,14.6
100,73,20.0,14.6
101,73,20.2,14.6
102,73,20.4,14.6
103,73,20.6,14.6
104,73,20.8,14.6
105,73,21.0,14.6
106,73,21.2,14.6
107,73,21.4,14.6
108,73,21.6,14.6
108,74,21.6,14.8
107,74,21.4,14.8
106,74,21.2,14.8
105,74,21.0,14.8
104,74,20.8,14.8
103,74,20.6,14.8
102,74,20.4,14.8
101,74,20.2,14.8
100,74,20.0,14.8
99,74,19.8,14.8
98,74,19.6,14.8
97,74,19.4,14.8
96,74,19.2,14.8
95,74,19.0,14.8
94,74,18.8,14.8
93,74,18.6,14.8
92,74,18.4,14.8
91,74,18.2,14.8
91,75,18.2,15.0
92,75,18.4,15.0
93,75,18.6,15.0
94,75,18.8,15.0
95,75,19.0,15.0
96,75,19.2,15.0
97,75,19.4,15.0
98,75,19.6,15.0
99,75,19.8,15.0
100,75,20.0,15.0
101,75,20.2,15.0
102,75,20.4,15.0
103,75,20.6,15.0
104,75,20.8,15.0
105,75,21.0,15.0
106,75,21.2,15.0
107,75,21.4,15.0
108,75,21.6,15.0
109,75,21.8,15.0
109,76,21.8,15.2
108,76,21.6,15.2
107,76,21.4,15.2
106,76,21.2,15.2
105,76,21.0,15.2
104,76,20.8,15.2
103,76,20.6,15.2
102,76,20.4,15.2
101,76,20.2,15.2
100,76,20.0,15.2
99,76,19.8,15.2
98,76,19.6,15.2
97,76,19.4,15.2
96,76,19.2,15.2
95,76,19.0,15.2
94,76,18.8,15.2
93,76,18.6,15.2
92,76,18.4,15.2
91,76,18.2,15.2
91,77,18.2,15.4
92,77,18.4,15.4
93,77,18.6,15.4
94,77,18.8,15.4
95,77,19.0,15.4
96,77,19.2,15.4
97,77,19.4,15.4
98,77,19.6,15.4
99,77,19.8,15.4
100,77,20.0,15.4
101,77,20.2,15.4
102,77,20.4,15.4
103,77,20.6,15.4
104,77,20.8,15.4
105,77,21.0,15.4
106,77,21.2,15.4
107,77,21.4,15.4
108,77,21.6,15.4
109,77,21.8,15.4
110,77,22.0,15.4
110,78,22.0,15.6
109,78,21.8,15.6
108,78,21.6,15.6
107,78,21.4,15.6
106,78,21.2,15.6
105,78,21.0,15.6
104,78,20.8,15.6
103,78,20.6,15.6
102,78,20.4,15.6
101,78,20.2,15.6
100,78,20.0,15.6
99,78,19.8,15.6
98,78,19.6,15.6
97,78,19.4,15.6
96,78,19.2,15.6
95,78,19.0,15.6
94,78,18.8,15.6
93,78,18.6,15.6
92,78,18.4,15.6
91,78,18.2,15.6
91,79,18.2,15.8
92,79,18.4,15.8
93,79,18.6,15.8
94,79,18.8,15.8
95,79,19.0,15.8
96,79,19.2,15.8
97,79,19.4,15.8
98,79,19.6,15.8
99,79,19.8,15.8
100,79,20.0,15.8
101,79,20.2,15.8
102,79,20.4,15.8
103,79,20.6,15.8
104,79,20.8,15.8
105,79,21.0,15.8
106,79,21.2,15.8
107,79,21.4,15.8
108,79,21.6,15.8
109,79,21.8,15.8
110,79,22.0,15.8
111,79,22.2,15.8
111,78,22.2,15.6
111,80,22.2,16.0
110,80,22.0,16.0
109,80,21.8,16.0
108,80,21.6,16.0
107,80,21.4,16.0
106,80,21.2,16.0
105,80,21.0,16.0
104,80,20.8,16.0
103,80,20.6,16.0
102,80,20.4,16.0
101,80,20.2,16.0
100,80,20.0,16.0
99,80,19.8,16.0
98,80,19.6,16.0
97,80,19.4,16.0
96,80,19.2,16.0
95,80,19.0,16.0
94,80,18.8,16.0
93,80,18.6,16.0
92,80,18.4,16.0
91,80,18.2,16.0
91,81,18.2,16.2
92,81,18.4,16.2
93,81,18.6,16.2
94,81,18.8,16.2
95,81,19.0,16.2
96,81,19.2,16.2
97,81,19.4,16.2
98,81,19.6,16.2
99,81,19.8,16.2
100,81,20.0,16.2
101,81,20.2,16.2
102,81,20.4,16.2
103,81,20.6,16.2
104,81,20.8,16.2
105,81,21.0,16.2
106,81,21.2,16.2
107,81,21.4,16.2
108,81,21.6,16.2
109,81,21.8,16.2
110,81,22.0,16.2
111,81,22.2,16.2
112,81,22.4,16.2
112,80,22.4,16.0
112,82,22.4,16.4
111,82,22.2,16.4
110,82,22.0,16.4
109,82,21.8,16.4
108,82,21.6,16.4
107,82,21.4,16.4
106,82,21.2,16.4
105,82,21.0,16.4
104,82,20.8,16.4
103,82,20.6,16.4
102,82,20.4,16.4
101,82,20.2,16.4
100,82,20.0,16.4
99,82,19.8,16.4
98,82,19.6,16.4
97,82,19.4,16.4
96,82,19.2,16.4
95,82,19.0,16.4
94,82,18.8,16.4
93,82,18.6,16.4
92,82,18.4,16.4
91,82,18.2,16.4
91,83,18.2,16.6
92,83,18.4,16.6
93,83,18.6,16.6
94,83,18.8,16.6
95,83,19.0,16.6
96,83,19.2,16.6
97,83,19.4,16.6
98,83,19.6,16.6
99,83,19.8,16.6
100,83,20.0,16.6
101,83,20.2,16.6
102,83,20.4,16.6
103,83,20.6,16.6
104,83,20.8,16.6
105,83,21.0,16.6
106,83,21.2,16.6
107,83,21.4,16.6
108,83,21.6,16.6
109,83,21.8,16.6
110,83,22.0,16.6
111,83,22.2,16.6
112,83,22.4,16.6
113,83,22.6,16.6
113,82,22.6,16.4
113,84,22.6,16.8
112,84,22.4,16.8
111,84,22.2,16.8
110,84,22.0,16.8
109,84,21.8,16.8
108,84,21.6,16.8
107,84,21.4,16.8
106,84,21.2,16.8
105,84,21.0,16.8
104,84,20.8,16.8
103,84,20.6,16.8
102,84,20.4,16.8
101,84,20.2,16.8
100,84,20.0,16.8
99,84,19.8,16.8
98,84,19.6,16.8
97,84,19.4,16.8
96,84,19.2,16.8
95,84,19.0,16.8
94,84,18.8,16.8
93,84,18.6,16.8
92,84,18.4,16.8
91,84,18.2,16.8
91,85,18.2,17.0
92,85,18.4,17.0
93,85,18.6,17.0
94,85,18.8,17.0
95,85,19.0,17.0
96,85,19.2,17.0
97,85,19.4,17.0
98,85,19.6,17.0
99,85,19.8,17.0
100,85,20.0,17.0
101,85,20.2,17.0
102,85,20.4,17.0
103,85,20.6,17.0
104,85,20.8,17.0
105,85,21.0,17.0
106,85,21.2,17.0
107,85,21.4,17.0
108,85,21.6,17.0
109,85,21.8,17.0
110,85,22.0,17.0
111,85,22.2,17.0
112,85,22.4,17.0
113,85,22.6,17.0
114,85,22.8,17.0
114,84,22.8,16.8
115,85,23.0,17.0
115,86,23.0,17.2
114,86,22.8,17.2
113,86,22.6,17.2
112,86,22.4,17.2
111,86,22.2,17.2
110,86,22.0,17.2
109,86,21.8,17.2
108,86,21.6,17.2
107,86,21.4,17.2
106,86,21.2,17.2
105,86,21.0,17.2
104,86,20.8,17.2
103,86,20.6,17.2
102,86,20.4,17.2
101,86,20.2,17.2
100,86,20.0,17.2
99,86,19.8,17.2
98,86,19.6,17.2
97,86,19.4,17.2
96,86,19.2,17.2
95,86,19.0,17.2
94,86,18.8,17.2
93,86,18.6,17.2
92,86,18.4,17.2
91,86,18.2,17.2
91,87,18.2,17.4
92,87,18.4,17.4
93,87,18.6,17.4
94,87,18.8,17.4
95,87,19.0,17.4
96,87,19.2,17.4
97,87,19.4,17.4
98,87,19.6,17.4
99,87,19.8,17.4
100,87,20.0,17.4
101,87,20.2,17.4
102,87,20.4,17.4
103,87,20.6,17.4
104,87,20.8,17.4
105,87,21.0,17.4
106,87,21.2,17.4
107,87,21.4,17.4
108,87,21.6,17.4
109,87,21.8,17.4
110,87,22.0,17.4
111,87,22.2,17.4
112,87,22.4,17.4
113,87,22.6,17.4
114,87,22.8,17.4
115,87,23.0,17.4
116,87,23.2,17.4
116,88,23.2,17.6
115,88,23.0,17.6
114,88,22.8,17.6
113,88,22.6,17.6
112,88,22.4,17.6
111,88,22.2,17.6
110,88,22.0,17.6
109,88,21.8,17.6
108,88,21.6,17.6
107,88,21.4,17.6
106,88,21.2,17.6
105,88,21.0,17.6
104,88,20.8,17.6
103,88,20.6,17.6
102,88,20.4,17.6
101,88,20.2,17.6
100,88,20.0,17.6
99,88,19.8,17.6
98,88,19.6,17.6
97,88,19.4,17.6
96,88,19.2,17.6
95,88,19.0,17.6
94,88,18.8,17.6
93,88,18.6,17.6
92,88,18.4,17.6
91,88,18.2,17.6
91,89,18.2,17.8
92,89,18.4,17.8
93,89,18.6,17.8
94,89,18.8,17.8
95,89,19.0,17.8
96,89,19.2,17.8
97,89,19.4,17.8
98,89,19.6,17.8
99,89,19.8,17.8
100,89,20.0,17.8
101,89,20.2,17.8
102,89,20.4,17.8
103,89,20.6,17.8
104,89,20.8,17.8
105,89,21.0,17.8
106,89,21.2,17.8
107,89,21.4,17.8
108,89,21.6,17.8
109,89,21.8,17.8
110,89,22.0,17.8
111,89,22.2,17.8
112,89,22.4,17.8
113,89,22.6,17.8
114,89,22.8,17.8
115,89,23.0,17.8
116,89,23.2,17.8
117,89,23.4,17.8
117,90,23.4,18.0
116,90,23.2,18.0
115,90,23.0,18.0
114,90,22.8,18.0
113,90,22.6,18.0
112,90,22.4,18.0
111,90,22.2,18.0
110,90,22.0,18.0
109,90,21.8,18.0
108,90,21.6,18.0
107,90,21.4,18.0
106,90,21.2,18.0
105,90,21.0,18.0
104,90,20.8,18.0
103,90,20.6,18.0
102,90,20.4,18.0
101,90,20.2,18.0
100,90,20.0,18.0
99,90,19.8,18.0
98,90,19.6,18.0
97,90,19.4,18.0
96,90,19.2,18.0
95,90,19.0,18.0
94,90,18.8,18.0
93,90,18.6,18.0
92,90,18.4,18.0
91,90,18.2,18.0
91,91,18.2,18.2
92,91,18.4,18.2
93,91,18.6,18.2
94,91,18.8,18.2
95,91,19.0,18.2
96,91,19.2,18.2
97,91,19.4,18.2
98,91,19.6,18.2
99,91,19.8,18.2
100,91,20.0,18.2
101,91,20.2,18.2
102,91,20.4,18.2
103,91,20.6,18.2
104,91,20.8,18.2
105,91,21.0,18.2
106,91,21.2,18.2
107,91,21.4,18.2
108,91,21.6,18.2
109,91,21.8,18.2
110,91,22.0,18.2
111,91,22.2,18.2
112,91,22.4,18.2
113,91,22.6,18.2
114,91,22.8,18.2
115,91,23.0,18.2
116,91,23.2,18.2
117,91,23.4,18.2
118,91,23.6,18.2
118,92,23.6,18.4
117,92,23.4,18.4
116,92,23.2,18.4
115,92,23.0,18.4
114,92,22.8,18.4
113,92,22.6,18.4
112,92,22.4,18.4
111,92,22.2,18.4
110,92,22.0,18.4
109,92,21.8,18.4
108,92,21.6,18.4
107,92,21.4,18.4
106,92,21.2,18.4
105,92,21.0,18.4
104,92,20.8,18.4
103,92,20.6,18.4
102,92,20.4,18.4
101,92,20.2,18.4
100,92,20.0,18.4
99,92,19.8,18.4
98,92,19.6,18.4
97,92,19.4,18.4
96,92,19.2,18.4
95,92,19.0,18.4
94,92,18.8,18.4
93,92,18.6,18.4
92,92,18.4,18.4
91,92,18.2,18.4
91,93,18.2,18.6
92,93,18.4,18.6
93,93,18.6,18.6
94,93,18.8,18.6
95,93,19.0,18.6
96,93,19.2,18.6
97,93,19.4,18.6
98,93,19.6,18.6
99,93,19.8,18.6
100,93,20.0,18.6
101,93,20.2,18.6
102,93,20.4,18.6
103,93,20.6,18.6
104,93,20.8,18.6
105,93,21.0,18.6
106,93,21.2,18.6
107,93,21.4,18.6
108,93,21.6,18.6
109,93,21.8,18.6
110,93,22.0,18.6
111,93,22.2,18.6
112,93,22.4,18.6
113,93,22.6,18.6
114,93,22.8,18.6
115,93,23.0,18.6
116,93,23.2,18.6
117,93,23.4,18.6
118,93,23.6,18.6
119,93,23.8,18.6
119,94,23.8,18.8
118,94,23.6,18.8
117,94,23.4,18.8
116,94,23.2,18.8
115,94,23.0,18.8
114,94,22.8,18.8
113,94,22.6,18.8
112,94,22.4,18.8
111,94,22.2,18.8
110,94,22.0,18.8
109,94,21.8,18.8
108,94,21.6,18.8
107,94,21.4,18.8
106,94,21.2,18.8
105,94,21.0,18.8
104,94,20.8,18.8
103,94,20.6,18.8
102,94,20.4,18.8
101,94,20.2,18.8
100,94,20.0,18.8
99,94,19.8,18.8
98,94,19.6,18.8
97,94,19.4,18.8
96,94,19.2,18.8
95,94,19.0,18.8
94,94,18.8,18.8
93,94,18.6,18.8
92,94,18.4,18.8
91,94,18.2,18.8
91,95,18.2,19.0
92,95,18.4,19.0
93,95,18.6,19.0
94,95,18.8,19.0
95,95,19.0,19.0
96,95,19.2,19.0
97,95,19.4,19.0
98,95,19.6,19.0
99,95,19.8,19.0
100,95,20.0,19.0
101,95,20.2,19.0
102,95,20.4,19.0
103,95,20.6,19.0
104,95,20.8,19.0
105,95,21.0,19.0
106,95,21.2,19.0
107,95,21.4,19.0
108,95,21.6,19.0
109,95,21.8,19.0
110,95,22.0,19.0
111,95,22.2,19.0
112,95,22.4,19.0
113,95,22.6,19.0
114,95,22.8,19.0
115,95,23.0,19.0
116,95,23.2,19.0
117,95,23.4,19.0
118,95,23.6,19.0
119,95,23.8,19.0
120,95,24.0,19.0
120,94,24.0,18.8
120,96,24.0,19.2
119,96,23.8,19.2
118,96,23.6,19.2
117,96,23.4,19.2
116,96,23.2,19.2
115,96,23.0,19.2
114,96,22.8,19.2
113,96,22.6,19.2
112,96,22.4,19.2
111,96,22.2,19.2
110,96,22.0,19.2
109,96,21.8,19.2
108,96,21.6,19.2
107,96,21.4,19.2
106,96,21.2,19.2
105,96,21.0,19.2
104,96,20.8,19.2
103,96,20.6,19.2
102,96,20.4,19.2
101,96,20.2,19.2
100,96,20.0,19.2
99,96,19.8,19.2
98,96,19.6,19.2
97,96,19.4,19.2
96,96,19.2,19.2
95,96,19.0,19.2
94,96,18.8,19.2
93,96,18.6,19.2
92,96,18.4,19.2
91,96,18.2,19.2
92,97,18.4,19.4
93,97,18.6,19.4
94,97,18.8,19.4
95,97,19.0,19.4
96,97,19.2,19.4
97,97,19.4,19.4
98,97,19.6,19.4
99,97,19.8,19.4
100,97,20.0,19.4
101,97,20.2,19.4
102,97,20.4,19.4
103,97,20.6,19.4
104,97,20.8,19.4
105,97,21.0,19.4
106,97,21.2,19.4
107,97,21.4,19.4
108,97,21.6,19.4
109,97,21.8,19.4
110,97,22.0,19.4
111,97,22.2,19.4
112,97,22.4,19.4
113,97,22.6,19.4
114,97,22.8,19.4
115,97,23.0,19.4
116,97,23.2,19.4
117,97,23.4,19.4
118,97,23.6,19.4
119,97,23.8,19.4
120,97,24.0,19.4
121,97,24.2,19.4
121,96,24.2,19.2
121,98,24.2,19.6
120,98,24.0,19.6
119,98,23.8,19.6
118,98,23.6,19.6
117,98,23.4,19.6
116,98,23.2,19.6
115,98,23.0,19.6
114,98,22.8,19.6
113,98,22.6,19.6
112,98,22.4,19.6
111,98,22.2,19.6
110,98,22.0,19.6
109,98,21.8,19.6
108,98,21.6,19.6
107,98,21.4,19.6
106,98,21.2,19.6
105,98,21.0,19.6
104,98,20.8,19.6
103,98,20.6,19.6
102,98,20.4,19.6
101,98,20.2,19.6
100,98,20.0,19.6
99,98,19.8,19.6
98,98,19.6,19.6
97,98,19.4,19.6
96,98,19.2,19.6
95,98,19.0,19.6
94,98,18.8,19.6
93,98,18.6,19.6
92,98,18.4,19.6
92,99,18.4,19.8
93,99,18.6,19.8
94,99,18.8,19.8
95,99,19.0,19.8
96,99,19.2,19.8
97,99,19.4,19.8
98,99,19.6,19.8
99,99,19.8,19.8
100,99,20.0,19.8
101,99,20.2,19.8
102,99,20.4,19.8
103,99,20.6,19.8
104,99,20.8,19.8
105,99,21.0,19.8
106,99,21.2,19.8
107,99,21.4,19.8
108,99,21.6,19.8
109,99,21.8,19.8
110,99,22.0,19.8
111,99,22.2,19.8
112,99,22.4,19.8
113,99,22.6,19.8
114,99,22.8,19.8
115,99,23.0,19.8
116,99,23.2,19.8
117,99,23.4,19.8
118,99,23.6,19.8
119,99,23.8,19.8
120,99,24.0,19.8
121,99,24.2,19.8
122,99,24.4,19.8
122,98,24.4,19.6
122,100,24.4,20.0
121,100,24.2,20.0
120,100,24.0,20.0
119,100,23.8,20.0
118,100,23.6,20.0
117,100,23.4,20.0
116,100,23.2,20.0
115,100,23.0,20.0
114,100,22.8,20.0
113,100,22.6,20.0
112,100,22.4,20.0
111,100,22.2,20.0
110,100,22.0,20.0
109,100,21.8,20.0
108,100,21.6,20.0
107,100,21.4,20.0
106,100,21.2,20.0
105,100,21.0,20.0
104,100,20.8,20.0
103,100,20.6,20.0
102,100,20.4,20.0
101,100,20.2,20.0
100,100,20.0,20.0
99,100,19.8,20.0
98,100,19.6,20.0
97,100,19.4,20.0
96,100,19.2,20.0
95,100,19.0,20.0
94,100,18.8,20.0
93,100,18.6,20.0
92,100,18.4,20.0
92,101,18.4,20.2
93,101,18.6,20.2
94,101,18.8,20.2
95,101,19.0,20.2
96,101,19.2,20.2
97,101,19.4,20.2
98,101,19.6,20.2
99,101,19.8,20.2
100,101,20.0,20.2
101,101,20.2,20.2
102,101,20.4,20.2
103,101,20.6,20.2
104,101,20.8,20.2
105,101,21.0,20.2
106,101,21.2,20.2
107,101,21.4,20.2
108,101,21.6,20.2
109,101,21.8,20.2
110,101,22.0,20.2
111,101,22.2,20.2
112,101,22.4,20.2
113,101,22.6,20.2
114,101,22.8,20.2
115,101,23.0,20.2
116,101,23.2,20.2
117,101,23.4,20.2
118,101,23.6,20.2
119,101,23.8,20.2
120,101,24.0,20.2
121,101,24.2,20.2
122,101,24.4,20.2
123,101,24.6,20.2
123,100,24.6,20.0
124,101,24.8,20.2
124,102,24.8,20.4
123,102,24.6,20.4
122,102,24.4,20.4
121,102,24.2,20.4
120,102,24.0,20.4
119,102,23.8,20.4
118,102,23.6,20.4
117,102,23.4,20.4
116,102,23.2,20.4
115,102,23.0,20.4
114,102,22.8,20.4
113,102,22.6,20.4
112,102,22.4,20.4
111,102,22.2,20.4
110,102,22.0,20.4
109,102,21.8,20.4
108,102,21.6,20.4
107,102,21.4,20.4
106,102,21.2,20.4
105,102,21.0,20.4
104,102,20.8,20.4
103,102,20.6,20.4
102,102,20.4,20.4
101,102,20.2,20.4
100,102,20.0,20.4
99,102,19.8,20.4
98,102,19.6,20.4
97,102,19.4,20.4
96,102,19.2,20.4
95,102,19.0,20.4
94,102,18.8,20.4
93,102,18.6,20.4
92,102,18.4,20.4
92,103,18.4,20.6
93,103,18.6,20.6
94,103,18.8,20.6
95,103,19.0,20.6
96,103,19.2,20.6
97,103,19.4,20.6
98,103,19.6,20.6
99,103,19.8,20.6
100,103,20.0,20.6
101,103,20.2,20.6
102,103,20.4,20.6
103,103,20.6,20.6
104,103,20.8,20.6
105,103,21.0,20.6
106,103,21.2,20.6
107,103,21.4,20.6
108,103,21.6,20.6
109,103,21.8,20.6
110,103,22.0,20.6
111,103,22.2,20.6
112,103,22.4,20.6
113,103,22.6,20.6
114,103,22.8,20.6
115,103,23.0,20.6
116,103,23.2,20.6
117,103,23.4,20.6
118,103,23.6,20.6
119,103,23.8,20.6
120,103,24.0,20.6
121,103,24.2,20.6
122,103,24.4,20.6
123,103,24.6,20.6
124,103,24.8,20.6
125,103,25.0,20.6
125,104,25.0,20.8
124,104,24.8,20.8
123,104,24.6,20.8
122,104,24.4,20.8
121,104,24.2,20.8
120,104,24.0,20.8
119,104,23.8,20.8
118,104,23.6,20.8
117,104,23.4,20.8
116,104,23.2,20.8
115,104,23.0,20.8
114,104,22.8,20.8
113,104,22.6,20.8
112,104,22.4,20.8
111,104,22.2,20.8
110,104,22.0,20.8
109,104,21.8,20.8
108,104,21.6,20.8
107,104,21.4,20.8
106,104,21.2,20.8
105,104,21.0,20.8
104,104,20.8,20.8
103,104,20.6,20.8
102,104,20.4,20.8
101,104,20.2,20.8
100,104,20.0,20.8
99,104,19.8,20.8
98,104,19.6,20.8
97,104,19.4,20.8
96,104,19.2,20.8
95,104,19.0,20.8
94,104,18.8,20.8
93,104,18.6,20.8
92,104,18.4,20.8
92,105,18.4,21.0
93,105,18.6,21.0
94,105,18.8,21.0
95,105,19.0,21.0
96,105,19.2,21.0
97,105,19.4,21.0
98,105,19.6,21.0
99,105,19.8,21.0
100,105,20.0,21.0
101,105,20.2,21.0
102,105,20.4,21.0
103,105,20.6,21.0
104,105,20.8,21.0
105,105,21.0,21.0
106,105,21.2,21.0
107,105,21.4,21.0
108,105,21.6,21.0
109,105,21.8,21.0
110,105,22.0,21.0
111,105,22.2,21.0
112,105,22.4,21.0
113,105,22.6,21.0
114,105,22.8,21.0
115,105,23.0,21.0
116,105,23.2,21.0
117,105,23.4,21.0
118,105,23.6,21.0
119,105,23.8,21.0
120,105,24.0,21.0
121,105,24.2,21.0
122,105,24.4,21.0
123,105,24.6,21.0
124,105,24.8,21.0
125,105,25.0,21.0
126,105,25.2,21.0
126,106,25.2,21.2
125,106,25.0,21.2
124,106,24.8,21.2
123,106,24.6,21.2
122,106,24.4,21.2
121,106,24.2,21.2
120,106,24.0,21.2
119,106,23.8,21.2
118,106,23.6,21.2
117,106,23.4,21.2
116,106,23.2,21.2
115,106,23.0,21.2
114,106,22.8,21.2
113,106,22.6,21.2
112,106,22.4,21.2
111,106,22.2,21.2
110,106,22.0,21.2
109,106,21.8,21.2
108,106,21.6,21.2
107,106,21.4,21.2
106,106,21.2,21.2
105,106,21.0,21.2
104,106,20.8,21.2
103,106,20.6,21.2
102,106,20.4,21.2
101,106,20.2,21.2
100,106,20.0,21.2
99,106,19.8,21.2
98,106,19.6,21.2
97,106,19.4,21.2
96,106,19.2,21.2
95,106,19.0,21.2
94,106,18.8,21.2
93,106,18.6,21.2
92,106,18.4,21.2
92,107,18.4,21.4
93,107,18.6,21.4
94,107,18.8,21.4
95,107,19.0,21.4
96,107,19.2,21.4
97,107,19.4,21.4
98,107,19.6,21.4
99,107,19.8,21.4
100,107,20.0,21.4
101,107,20.2,21.4
102,107,20.4,21.4
103,107,20.6,21.4
104,107,20.8,21.4
105,107,21.0,21.4
106,107,21.2,21.4
107,107,21.4,21.4
108,107,21.6,21.4
109,107,21.8,21.4
110,107,22.0,21.4
111,107,22.2,21.4
112,107,22.4,21.4
113,107,22.6,21.4
114,107,22.8,21.4
115,107,23.0,21.4
116,107,23.2,21.4
117,107,23.4,21.4
118,107,23.6,21.4
119,107,23.8,21.4
120,107,24.0,21.4
121,107,24.2,21.4
122,107,24.4,21.4
123,107,24.6,21.4
124,107,24.8,21.4
125,107,25.0,21.4
126,107,25.2,21.4
127,107,25.4,21.4
127,108,25.4,21.6
126,108,25.2,21.6
125,108,25.0,21.6
124,108,24.8,21.6
123,108,24.6,21.6
122,108,24.4,21.6
121,108,24.2,21.6
120,108,24.0,21.6
119,108,23.8,21.6
118,108,23.6,21.6
117,108,23.4,21.6
116,108,23.2,21.6
115,108,23.0,21.6
114,108,22.8,21.6
113,108,22.6,21.6
112,108,22.4,21.6
111,108,22.2,21.6
110,108,22.0,21.6
109,108,21.8,21.6
108,108,21.6,21.6
107,108,21.4,21.6
106,108,21.2,21.6
105,108,21.0,21.6
104,108,20.8,21.6
103,108,20.6,21.6
102,108,20.4,21.6
101,108,20.2,21.6
100,108,20.0,21.6
99,108,19.8,21.6
98,108,19.6,21.6
97,108,19.4,21.6
96,108,19.2,21.6
95,108,19.0,21.6
94,108,18.8,21.6
93,108,18.6,21.6
92,108,18.4,21.6
92,109,18.4,21.8
93,109,18.6,21.8
94,109,18.8,21.8
95,109,19.0,21.8
96,109,19.2,21.8
97,109,19.4,21.8
98,109,19.6,21.8
99,109,19.8,21.8
100,109,20.0,21.8
101,109,20.2,21.8
102,109,20.4,21.8
103,109,20.6,21.8
104,109,20.8,21.8
105,109,21.0,21.8
106,109,21.2,21.8
107,109,21.4,21.8
108,109,21.6,21.8
109,109,21.8,21.8
110,109,22.0,21.8
111,109,22.2,21.8
112,109,22.4,21.8
113,109,22.6,21.8
114,109,22.8,21.8
115,109,23.0,21.8
116,109,23.2,21.8
117,109,23.4,21.8
118,109,23.6,21.8
119,109,23.8,21.8
120,109,24.0,21.8
121,109,24.2,21.8
122,109,24.4,21.8
123,109,24.6,21.8
124,109,24.8,21.8
125,109,25.0,21.8
126,109,25.2,21.8
127,109,25.4,21.8
128,109,25.6,21.8
128,108,25.6,21.6
128,110,25.6,22.0
127,110,25.4,22.0
126,110,25.2,22.0
125,110,25.0,22.0
124,110,24.8,22.0
123,110,24.6,22.0
122,110,24.4,22.0
121,110,24.2,22.0
120,110,24.0,22.0
119,110,23.8,22.0
118,110,23.6,22.0
117,110,23.4,22.0
116,110,23.2,22.0
115,110,23.0,22.0
114,110,22.8,22.0
113,110,22.6,22.0
112,110,22.4,22.0
111,110,22.2,22.0
110,110,22.0,22.0
109,110,21.8,22.0
108,110,21.6,22.0
107,110,21.4,22.0
106,110,21.2,22.0
105,110,21.0,22.0
104,110,20.8,22.0
103,110,20.6,22.0
102,110,20.4,22.0
101,110,20.2,22.0
100,110,20.0,22.0
99,110,19.8,22.0
98,110,19.6,22.0
97,110,19.4,22.0
96,110,19.2,22.0
95,110,19.0,22.0
94,110,18.8,22.0
93,110,18.6,22.0
92,110,18.4,22.0
92,111,18.4,22.2
93,111,18.6,22.2
94,111,18.8,22.2
95,111,19.0,22.2
96,111,19.2,22.2
97,111,19.4,22.2
98,111,19.6,22.2
99,111,19.8,22.2
100,111,20.0,22.2
101,111,20.2,22.2
102,111,20.4,22.2
103,111,20.6,22.2
104,111,20.8,22.2
105,111,21.0,22.2
106,111,21.2,22.2
107,111,21.4,22.2
108,111,21.6,22.2
109,111,21.8,22.2
110,111,22.0,22.2
111,111,22.2,22.2
112,111,22.4,22.2
113,111,22.6,22.2
114,111,22.8,22.2
115,111,23.0,22.2
116,111,23.2,22.2
117,111,23.4,22.2
118,111,23.6,22.2
119,111,23.8,22.2
120,111,24.0,22.2
121,111,24.2,22.2
122,111,24.4,22.2
123,111,24.6,22.2
124,111,24.8,22.2
125,111,25.0,22.2
126,111,25.2,22.2
127,111,25.4,22.2
128,111,25.6,22.2
129,111,25.8,22.2
129,110,25.8,22.0
129,112,25.8,22.4
128,112,25.6,22.4
127,112,25.4,22.4
126,112,25.2,22.4
125,112,25.0,22.4
124,112,24.8,22.4
123,112,24.6,22.4
122,112,24.4,22.4
121,112,24.2,22.4
120,112,24.0,22.4
119,112,23.8,22.4
118,112,23.6,22.4
117,112,23.4,22.4
116,112,23.2,22.4
115,112,23.0,22.4
114,112,22.8,22.4
113,112,22.6,22.4
112,112,22.4,22.4
111,112,22.2,22.4
110,112,22.0,22.4
109,112,21.8,22.4
108,112,21.6,22.4
107,112,21.4,22.4
106,112,21.2,22.4
105,112,21.0,22.4
104,112,20.8,22.4
103,112,20.6,22.4
102,112,20.4,22.4
101,112,20.2,22.4
100,112,20.0,22.4
99,112,19.8,22.4
98,112,19.6,22.4
97,112,19.4,22.4
96,112,19.2,22.4
95,112,19.0,22.4
94,112,18.8,22.4
93,112,18.6,22.4
92,112,18.4,22.4
92,113,18.4,22.6
93,113,18.6,22.6
94,113,18.8,22.6
95,113,19.0,22.6
96,113,19.2,22.6
97,113,19.4,22.6
98,113,19.6,22.6
99,113,19.8,22.6
100,113,20.0,22.6
101,113,20.2,22.6
102,113,20.4,22.6
103,113,20.6,22.6
104,113,20.8,22.6
105,113,21.0,22.6
106,113,21.2,22.6
107,113,21.4,22.6
108,113,21.6,22.6
109,113,21.8,22.6
110,113,22.0,22.6
111,113,22.2,22.6
112,113,22.4,22.6
113,113,22.6,22.6
114,113,22.8,22.6
115,113,23.0,22.6
116,113,23.2,22.6
117,113,23.4,22.6
118,113,23.6,22.6
119,113,23.8,22.6
120,113,24.0,22.6
121,113,24.2,22.6
122,113,24.4,22.6
123,113,24.6,22.6
124,113,24.8,22.6
125,113,25.0,22.6
126,113,25.2,22.6
127,113,25.4,22.6
128,113,25.6,22.6
129,113,25.8,22.6
130,113,26.0,22.6
130,112,26.0,22.4
130,114,26.0,22.8
129,114,25.8,22.8
128,114,25.6,22.8
127,114,25.4,22.8
126,114,25.2,22.8
125,114,25.0,22.8
124,114,24.8,22.8
123,114,24.6,22.8
122,114,24.4,22.8
121,114,24.2,22.8
120,114,24.0,22.8
119,114,23.8,22.8
118,114,23.6,22.8
117,114,23.4,22.8
116,114,23.2,22.8
115,114,23.0,22.8
114,114,22.8,22.8
113,114,22.6,22.8
112,114,22.4,22.8
111,114,22.2,22.8
110,114,22.0,22.8
109,114,21.8,22.8
108,114,21.6,22.8
107,114,21.4,22.8
106,114,21.2,22.8
105,114,21.0,22.8
104,114,20.8,22.8
103,114,20.6,22.8
102,114,20.4,22.8
101,114,20.2,22.8
100,114,20.0,22.8
99,114,19.8,22.8
98,114,19.6,22.8
97,114,19.4,22.8
96,114,19.2,22.8
95,114,19.0,22.8
94,114,18.8,22.8
93,114,18.6,22.8
92,114,18.4,22.8
92,115,18.4,23.0
93,115,18.6,23.0
94,115,18.8,23.0
95,115,19.0,23.0
96,115,19.2,23.0
97,115,19.4,23.0
98,115,19.6,23.0
99,115,19.8,23.0
100,115,20.0,23.0
101,115,20.2,23.0
102,115,20.4,23.0
103,115,20.6,23.0
104,115,20.8,23.0
105,115,21.0,23.0
106,115,21.2,23.0
107,115,21.4,23.0
108,115,21.6,23.0
109,115,21.8,23.0
110,115,22.0,23.0
111,115,22.2,23.0
112,115,22.4,23.0
113,115,22.6,23.0
114,115,22.8,23.0
115,115,23.0,23.0
116,115,23.2,23.0
117,115,23.4,23.0
118,115,23.6,23.0
119,115,23.8,23.0
120,115,24.0,23.0
121,115,24.2,23.0
122,115,24.4,23.0
123,115,24.6,23.0
124,115,24.8,23.0
125,115,25.0,23.0
126,115,25.2,23.0
127,115,25.4,23.0
128,115,25.6,23.0
129,115,25.8,23.0
130,115,26.0,23.0
131,115,26.2,23.0
131,114,26.2,22.8
132,115,26.4,23.0
132,116,26.4,23.2
131,116,26.2,23.2
130,116,26.0,23.2
129,116,25.8,23.2
128,116,25.6,23.2
127,116,25.4,23.2
126,116,25.2,23.2
125,116,25.0,23.2
124,116,24.8,23.2
123,116,24.6,23.2
122,116,24.4,23.2
121,116,24.2,23.2
120,116,24.0,23.2
119,116,23.8,23.2
118,116,23.6,23.2
117,116,23.4,23.2
116,116,23.2,23.2
115,116,23.0,23.2
114,116,22.8,23.2
113,116,22.6,23.2
112,116,22.4,23.2
111,116,22.2,23.2
110,116,22.0,23.2
109,116,21.8,23.2
108,116,21.6,23.2
107,116,21.4,23.2
106,116,21.2,23.2
105,116,21.0,23.2
104,116,20.8,23.2
103,116,20.6,23.2
102,116,20.4,23.2
101,116,20.2,23.2
100,116,20.0,23.2
99,116,19.8,23.2
98,116,19.6,23.2
97,116,19.4,23.2
96,116,19.2,23.2
95,116,19.0,23.2
94,116,18.8,23.2
93,116,18.6,23.2
92,116,18.4,23.2
92,117,18.4,23.4
93,117,18.6,23.4
94,117,18.8,23.4
95,117,19.0,23.4
96,117,19.2,23.4
97,117,19.4,23.4
98,117,19.6,23.4
99,117,19.8,23.4
100,117,20.0,23.4
101,117,20.2,23.4
102,117,20.4,23.4
103,117,20.6,23.4
104,117,20.8,23.4
105,117,21.0,23.4
106,117,21.2,23.4
107,117,21.4,23.4
108,117,21.6,23.4
109,117,21.8,23.4
110,117,22.0,23.4
111,117,22.2,23.4
112,117,22.4,23.4
113,117,22.6,23.4
114,117,22.8,23.4
115,117,23.0,23.4
116,117,23.2,23.4
117,117,23.4,23.4
118,117,23.6,23.4
119,117,23.8,23.4
120,117,24.0,23.4
121,117,24.2,23.4
122,117,24.4,23.4
123,117,24.6,23.4
124,117,24.8,23.4
125,117,25.0,23.4
126,117,25.2,23.4
127,117,25.4,23.4
128,117,25.6,23.4
129,117,25.8,23.4
130,117,26.0,23.4
131,117,26.2,23.4
132,117,26.4,23.4
133,117,26.6,23.4
133,118,26.6,23.6
132,118,26.4,23.6
131,118,26.2,23.6
130,118,26.0,23.6
129,118,25.8,23.6
128,118,25.6,23.6
127,118,25.4,23.6
126,118,25.2,23.6
125,118,25.0,23.6
124,118,24.8,23.6
123,118,24.6,23.6
122,118,24.4,23.6
121,118,24.2,23.6
120,118,24.0,23.6
119,118,23.8,23.6
118,118,23.6,23.6
117,118,23.4,23.6
116,118,23.2,23.6
115,118,23.0,23.6
114,118,22.8,23.6
113,118,22.6,23.6
112,118,22.4,23.6
111,118,22.2,23.6
110,118,22.0,23.6
109,118,21.8,23.6
108,118,21.6,23.6
107,118,21.4,23.6
106,118,21.2,23.6
105,118,21.0,23.6
104,118,20.8,23.6
103,118,20.6,23.6
102,118,20.4,23.6
101,118,20.2,23.6
100,118,20.0,23.6
99,118,19.8,23.6
98,118,19.6,23.6
97,118,19.4,23.6
96,118,19.2,23.6
95,118,19.0,23.6
94,118,18.8,23.6
93,118,18.6,23.6
92,118,18.4,23.6
92,119,18.4,23.8
93,119,18.6,23.8
94,119,18.8,23.8
95,119,19.0,23.8
96,119,19.2,23.8
97,119,19.4,23.8
98,119,19.6,23.8
99,119,19.8,23.8
100,119,20.0,23.8
101,119,20.2,23.8
102,119,20.4,23.8
103,119,20.6,23.8
104,119,20.8,23.8
105,119,21.0,23.8
106,119,21.2,23.8
107,119,21.4,23.8
108,119,21.6,23.8
109,119,21.8,23.8
110,119,22.0,23.8
111,119,22.2,23.8
112,119,22.4,23.8
113,119,22.6,23.8
114,119,22.8,23.8
115,119,23.0,23.8
116,119,23.2,23.8
117,119,23.4,23.8
118,119,23.6,23.8
119,119,23.8,23.8
120,119,24.0,23.8
121,119,24.2,23.8
122,119,24.4,23.8
123,119,24.6,23.8
124,119,24.8,23.8
125,119,25.0,23.8
126,119,25.2,23.8
127,119,25.4,23.8
128,119,25.6,23.8
129,119,25.8,23.8
130,119,26.0,23.8
131,119,26.2,23.8
132,119,26.4,23.8
133,119,26.6,23.8
134,119,26.8,23.8
134,120,26.8,24.0
133,120,26.6,24.0
132,120,26.4,24.0
131,120,26.2,24.0
130,120,26.0,24.0
129,120,25.8,24.0
128,120,25.6,24.0
127,120,25.4,24.0
126,120,25.2,24.0
125,120,25.0,24.0
124,120,24.8,24.0
123,120,24.6,24.0
122,120,24.4,24.0
121,120,24.2,24.0
120,120,24.0,24.0
119,120,23.8,24.0
118,120,23.6,24.0
117,120,23.4,24.0
116,120,23.2,24.0
115,120,23.0,24.0
114,120,22.8,24.0
113,120,22.6,24.0
112,120,22.4,24.0
111,120,22.2,24.0
110,120,22.0,24.0
109,120,21.8,24.0
108,120,21.6,24.0
107,120,21.4,24.0
106,120,21.2,24.0
105,120,21.0,24.0
104,120,20.8,24.0
103,120,20.6,24.0
102,120,20.4,24.0
101,120,20.2,24.0
100,120,20.0,24.0
99,120,19.8,24.0
98,120,19.6,24.0
97,120,19.4,24.0
96,120,19.2,24.0
95,120,19.0,24.0
94,120,18.8,24.0
93,120,18.6,24.0
92,120,18.4,24.0
92,121,18.4,24.2
93,121,18.6,24.2
94,121,18.8,24.2
95,121,19.0,24.2
96,121,19.2,24.2
97,121,19.4,24.2
98,121,19.6,24.2
99,121,19.8,24.2
100,121,20.0,24.2
101,121,20.2,24.2
102,121,20.4,24.2
103,121,20.6,24.2
104,121,20.8,24.2
105,121,21.0,24.2
106,121,21.2,24.2
107,121,21.4,24.2
108,121,21.6,24.2
109,121,21.8,24.2
110,121,22.0,24.2
111,121,22.2,24.2
112,121,22.4,24.2
113,121,22.6,24.2
114,121,22.8,24.2
115,121,23.0,24.2
116,121,23.2,24.2
117,121,23.4,24.2
118,121,23.6,24.2
119,121,23.8,24.2
120,121,24.0,24.2
121,121,24.2,24.2
122,121,24.4,24.2
123,121,24.6,24.2
124,121,24.8,24.2
125,121,25.0,24.2
126,121,25.2,24.2
127,121,25.4,24.2
128,121,25.6,24.2
129,121,25.8,24.2
130,121,26.0,24.2
131,121,26.2,24.2
132,121,26.4,24.2
133,121,26.6,24.2
134,121,26.8,24.2
135,121,27.0,24.2
135,122,27.0,24.4
134,122,26.8,24.4
133,122,26.6,24.4
132,122,26.4,24.4
131,122,26.2,24.4
130,122,26.0,24.4
129,122,25.8,24.4
128,122,25.6,24.4
127,122,25.4,24.4
126,122,25.2,24.4
125,122,25.0,24.4
124,122,24.8,24.4
123,122,24.6,24.4
122,122,24.4,24.4
121,122,24.2,24.4
120,122,24.0,24.4
119,122,23.8,24.4
118,122,23.6,24.4
117,122,23.4,24.4
116,122,23.2,24.4
115,122,23.0,24.4
114,122,22.8,24.4
113,122,22.6,24.4
112,122,22.4,24.4
111,122,22.2,24.4
110,122,22.0,24.4
109,122,21.8,24.4
108,122,21.6,24.4
107,122,21.4,24.4
106,122,21.2,24.4
105,122,21.0,24.4
104,122,20.8,24.4
103,122,20.6,24.4
102,122,20.4,24.4
101,122,20.2,24.4
100,122,20.0,24.4
99,122,19.8,24.4
98,122,19.6,24.4
97,122,19.4,24.4
96,122,19.2,24.4
95,122,19.0,24.4
94,122,18.8,24.4
93,122,18.6,24.4
92,122,18.4,24.4
92,123,18.4,24.6
93,123,18.6,24.6
94,123,18.8,24.6
95,123,19.0,24.6
96,123,19.2,24.6
97,123,19.4,24.6
98,123,19.6,24.6
99,123,19.8,24.6
100,123,20.0,24.6
101,123,20.2,24.6
102,123,20.4,24.6
103,123,20.6,24.6
104,123,20.8,24.6
105,123,21.0,24.6
106,123,21.2,24.6
107,123,21.4,24.6
108,123,21.6,24.6
109,123,21.8,24.6
110,123,22.0,24.6
111,123,22.2,24.6
112,123,22.4,24.6
113,123,22.6,24.6
114,123,22.8,24.6
115,123,23.0,24.6
116,123,23.2,24.6
117,123,23.4,24.6
118,123,23.6,24.6
119,123,23.8,24.6
120,123,24.0,24.6
121,123,24.2,24.6
122,123,24.4,24.6
123,123,24.6,24.6
124,123,24.8,24.6
125,123,25.0,24.6
126,123,25.2,24.6
127,123,25.4,24.6
128,123,25.6,24.6
129,123,25.8,24.6
130,123,26.0,24.6
131,123,26.2,24.6
132,123,26.4,24.6
133,123,26.6,24.6
134,123,26.8,24.6
135,123,27.0,24.6
136,123,27.2,24.6
136,122,27.2,24.4
136,124,27.2,24.8
135,124,27.0,24.8
134,124,26.8,24.8
133,124,26.6,24.8
132,124,26.4,24.8
131,124,26.2,24.8
130,124,26.0,24.8
129,124,25.8,24.8
128,124,25.6,24.8
127,124,25.4,24.8
126,124,25.2,24.8
125,124,25.0,24.8
124,124,24.8,24.8
123,124,24.6,24.8
122,124,24.4,24.8
121,124,24.2,24.8
120,124,24.0,24.8
119,124,23.8,24.8
118,124,23.6,24.8
117,124,23.4,24.8
116,124,23.2,24.8
115,124,23.0,24.8
114,124,22.8,24.8
113,124,22.6,24.8
112,124,22.4,24.8
111,124,22.2,24.8
110,124,22.0,24.8
109,124,21.8,24.8
108,124,21.6,24.8
107,124,21.4,24.8
106,124,21.2,24.8
105,124,21.0,24.8
104,124,20.8,24.8
103,124,20.6,24.8
102,124,20.4,24.8
101,124,20.2,24.8
100,124,20.0,24.8
99,124,19.8,24.8
98,124,19.6,24.8
97,124,19.4,24.8
96,124,19.2,24.8
95,124,19.0,24.8
94,124,18.8,24.8
93,124,18.6,24.8
